arm,size,rep,ptok,prompt_ms,prompt_tps,wall_s,decode_tps,ts
off,512,1,574,1474.3,389.3,1.93,72.8,2026-10-07 13:17:26
off,512,2,574,1424.9,402.8,1.86,74.8,2026-10-07 13:17:28
off,512,3,574,1426.2,402.5,1.9,70.0,2026-10-07 13:17:30
off,1000,1,1063,2004.3,530.4,2.45,74.7,2026-10-07 13:17:32
off,1000,2,1063,1970.2,539.5,2.4,76.4,2026-10-07 13:17:35
off,1000,3,1063,1942.4,547.3,2.39,74.1,2026-10-07 13:17:37
off,2000,1,2063,2878.7,716.6,3.33,76.0,2026-10-07 13:17:41
off,2000,2,2063,2777.8,742.7,3.21,78.9,2026-10-07 13:17:44
off,2000,3,2063,2784.7,740.8,3.26,70.8,2026-10-07 13:17:47
off,4000,1,4063,4407.1,921.9,4.84,81.0,2026-10-07 13:17:52
off,4000,2,4063,4196.1,968.3,4.63,81.1,2026-10-07 13:17:56
off,4000,3,4063,4199.4,967.5,4.69,70.7,2026-10-07 13:18:01
auto,512,1,574,1757.2,326.7,2.37,76.3,2026-10-07 13:19:38
auto,512,2,574,1443.8,397.6,1.95,64.3,2026-10-07 13:19:40
auto,512,3,574,1436.2,399.7,1.81,88.7,2026-10-07 13:19:42
auto,1000,1,1063,2140.5,496.6,2.67,74.1,2026-10-07 13:19:44
auto,1000,2,1063,1980.3,536.8,2.43,73.5,2026-10-07 13:19:47
auto,1000,3,1063,1964.4,541.1,2.39,78.8,2026-10-07 13:19:49
auto,2000,1,2063,3062.0,673.7,3.66,67.2,2026-10-07 13:19:53
auto,2000,2,2063,2789.6,739.5,3.26,71.6,2026-10-07 13:19:56
auto,2000,3,2063,2789.6,739.5,3.28,69.3,2026-10-07 13:19:59
auto,4000,1,4063,4503.9,902.1,5.07,79.7,2026-10-07 13:20:04
auto,4000,2,4063,4226.3,961.4,4.66,82.3,2026-10-07 13:20:09
auto,4000,3,4063,4219.7,962.9,4.67,77.9,2026-10-07 13:20:14
