variant,top_k,min_p,top_p,depth_k,decode_tps,prefill_tps,gen,draft_n,draft_acc
top_k_min_p_grid,20,0.05,0.95,20000,57.4,1089.6,400,276,208
top_k_min_p_grid,20,0.05,0.95,60000,54.0,1618.0,400,292,198
top_k_min_p_grid,20,0.05,0.95,100000,54.8,1639.6,400,309,207
top_k_min_p_grid,20,0.05,0.95,150000,56.5,1613.0,400,279,216
top_k_min_p_grid,20,0.05,0.95,200000,48.6,1556.3,400,305,188
top_k_min_p_grid,20,0.05,0.95,250000,45.5,1494.9,400,263,177
top_k_min_p_grid,20,0.08,0.95,20000,60.0,1262.7,400,287,205
top_k_min_p_grid,20,0.08,0.95,60000,57.8,1613.2,400,284,202
top_k_min_p_grid,20,0.08,0.95,100000,56.6,1644.5,400,308,209
top_k_min_p_grid,20,0.08,0.95,150000,51.2,1610.6,400,268,186
top_k_min_p_grid,20,0.08,0.95,200000,51.9,1555.3,400,296,199
top_k_min_p_grid,20,0.08,0.95,250000,52.3,1494.4,400,278,210
top_k_min_p_grid,20,0.1,0.95,20000,57.2,1261.0,400,293,192
top_k_min_p_grid,20,0.1,0.95,60000,55.0,1613.1,400,297,191
top_k_min_p_grid,20,0.1,0.95,100000,55.7,1642.8,400,254,194
top_k_min_p_grid,20,0.1,0.95,150000,55.0,1616.4,400,274,207
top_k_min_p_grid,20,0.1,0.95,200000,52.4,1557.6,400,287,197
top_k_min_p_grid,20,0.1,0.95,250000,49.3,1495.6,400,255,190
top_k_min_p_grid,30,0.05,0.95,20000,66.6,1260.4,400,278,228
top_k_min_p_grid,30,0.05,0.95,60000,56.7,1614.0,400,280,195
top_k_min_p_grid,30,0.05,0.95,100000,57.1,1640.8,400,278,204
top_k_min_p_grid,30,0.05,0.95,150000,57.1,1613.3,400,277,215
top_k_min_p_grid,30,0.05,0.95,200000,48.4,1560.2,400,267,170
top_k_min_p_grid,30,0.05,0.95,250000,51.8,1496.5,400,290,212
top_k_min_p_grid,30,0.08,0.95,20000,59.0,1259.5,400,255,190
top_k_min_p_grid,30,0.08,0.95,60000,56.6,1610.5,400,279,193
top_k_min_p_grid,30,0.08,0.95,100000,56.3,1642.7,400,300,206
top_k_min_p_grid,30,0.08,0.95,150000,51.2,1610.5,400,276,187
top_k_min_p_grid,30,0.08,0.95,200000,52.5,1555.9,400,307,201
top_k_min_p_grid,30,0.08,0.95,250000,48.6,1497.6,400,291,195
top_k_min_p_grid,30,0.1,0.95,20000,59.6,1264.2,400,305,204
top_k_min_p_grid,30,0.1,0.95,60000,62.2,1612.9,400,257,212
top_k_min_p_grid,30,0.1,0.95,100000,56.8,1642.4,400,296,206
top_k_min_p_grid,30,0.1,0.95,150000,47.9,1613.5,400,254,162
top_k_min_p_grid,30,0.1,0.95,200000,52.3,1558.4,400,263,190
top_k_min_p_grid,30,0.1,0.95,250000,51.4,1497.3,400,280,205
top_k_min_p_grid,40,0.05,0.95,20000,66.5,1260.6,400,269,223
top_k_min_p_grid,40,0.05,0.95,60000,61.4,1618.0,400,290,219
top_k_min_p_grid,40,0.05,0.95,100000,54.9,1646.8,400,307,199
top_k_min_p_grid,40,0.05,0.95,150000,53.0,1613.8,400,274,194
top_k_min_p_grid,40,0.05,0.95,200000,55.2,1559.2,400,287,209
top_k_min_p_grid,40,0.05,0.95,250000,47.0,1496.6,400,287,185
top_k_min_p_grid,40,0.08,0.95,20000,60.0,1263.9,400,307,206
top_k_min_p_grid,40,0.08,0.95,60000,59.0,1619.5,400,288,207
top_k_min_p_grid,40,0.08,0.95,100000,58.9,1641.8,400,271,210
top_k_min_p_grid,40,0.08,0.95,150000,53.2,1616.8,400,259,192
top_k_min_p_grid,40,0.08,0.95,200000,54.8,1558.0,400,280,205
top_k_min_p_grid,40,0.08,0.95,250000,49.8,1496.3,400,265,195
top_k_min_p_grid,40,0.1,0.95,20000,64.0,1264.7,400,252,211
top_k_min_p_grid,40,0.1,0.95,60000,66.4,1620.0,400,266,229
top_k_min_p_grid,40,0.1,0.95,100000,55.3,1641.3,400,274,197
top_k_min_p_grid,40,0.1,0.95,150000,56.0,1613.6,400,273,208
top_k_min_p_grid,40,0.1,0.95,200000,46.2,1560.7,400,263,156
top_k_min_p_grid,40,0.1,0.95,250000,48.1,1493.6,400,258,183
top_k_min_p_grid,50,0.05,0.95,20000,64.3,1261.5,400,278,217
top_k_min_p_grid,50,0.05,0.95,60000,57.7,1615.7,400,274,199
top_k_min_p_grid,50,0.05,0.95,100000,55.2,1643.2,400,272,193
top_k_min_p_grid,50,0.05,0.95,150000,52.9,1612.4,400,285,197
top_k_min_p_grid,50,0.05,0.95,200000,51.4,1556.7,400,270,186
top_k_min_p_grid,50,0.05,0.95,250000,50.3,1498.2,400,274,198
top_k_min_p_grid,50,0.08,0.95,20000,55.1,1265.4,400,275,176
top_k_min_p_grid,50,0.08,0.95,60000,56.4,1608.9,400,280,191
top_k_min_p_grid,50,0.08,0.95,100000,52.7,1646.3,400,257,180
top_k_min_p_grid,50,0.08,0.95,150000,53.2,1609.6,400,286,198
top_k_min_p_grid,50,0.08,0.95,200000,54.5,1560.2,400,294,209
top_k_min_p_grid,50,0.08,0.95,250000,53.7,1495.2,400,309,223
top_k_min_p_grid,50,0.1,0.95,20000,66.0,1261.5,400,260,219
top_k_min_p_grid,50,0.1,0.95,60000,60.2,1614.1,400,279,208
top_k_min_p_grid,50,0.1,0.95,100000,59.2,1641.6,400,284,216
top_k_min_p_grid,50,0.1,0.95,150000,54.0,1610.8,400,268,198
top_k_min_p_grid,50,0.1,0.95,200000,51.0,1554.6,400,270,185
top_k_min_p_grid,50,0.1,0.95,250000,55.3,1494.9,400,284,223
top_p_probe,50,0.1,0.9,20000,60.2,1262.9,400,276,200
top_p_probe,50,0.1,0.9,60000,54.4,1617.9,400,285,183
top_p_probe,50,0.1,0.9,100000,56.3,1644.4,400,286,202
top_p_probe,50,0.1,0.9,150000,51.4,1614.2,400,293,191
top_p_probe,50,0.1,0.9,200000,50.9,1557.4,400,308,193
top_p_probe,50,0.1,0.9,250000,52.9,1495.8,400,280,213
top_p_probe,50,0.1,1.0,20000,63.8,1263.3,400,271,214
top_p_probe,50,0.1,1.0,60000,61.9,1616.6,400,270,215
top_p_probe,50,0.1,1.0,100000,54.9,1645.4,400,278,193
top_p_probe,50,0.1,1.0,150000,53.0,1610.9,400,267,195
top_p_probe,50,0.1,1.0,200000,52.0,1557.5,400,264,188
top_p_probe,50,0.1,1.0,250000,49.6,1496.5,400,287,197
