stage,label,depth_k,spec_min_p,top_k,top_p,min_p,wall_s,ptok,gen,prefill_tps,decode_tps,draft_n,draft_acc,draft_accept_pct_derived
A,A-g0.00-20k,20000,0.0,20,0.95,0.0,23.1,20088,400,1255.0,58.3,480,241,50.2
A,A-g0.00-60k,60000,0.0,20,0.95,0.0,45.1,60078,400,1619.3,52.1,525,225,42.9
A,A-g0.00-100k,100000,0.0,20,0.95,0.0,68.8,100067,400,1647.1,52.9,501,232,46.3
A,A-g0.00-150k,150000,0.0,20,0.95,0.0,102.3,150054,400,1612.1,47.2,543,219,40.3
A,A-g0.00-200k,200000,0.0,20,0.95,0.0,138.3,200046,400,1559.7,44.2,576,207,35.9
A,A-g0.00-250k,250000,0.0,20,0.95,0.0,177.0,250034,400,1494.2,47.3,509,229,45.0
A,A-g0.50-20k,20000,0.5,20,0.95,0.0,22.0,20088,400,1265.9,67.2,279,228,81.7
A,A-g0.50-60k,60000,0.5,20,0.95,0.0,44.1,60078,400,1619.5,60.1,295,212,71.9
A,A-g0.50-100k,100000,0.5,20,0.95,0.0,68.9,100067,400,1641.6,53.9,259,185,71.4
A,A-g0.50-150k,150000,0.5,20,0.95,0.0,100.6,150054,400,1617.4,56.6,265,209,78.9
A,A-g0.50-200k,200000,0.5,20,0.95,0.0,136.6,200047,400,1561.9,53.0,254,191,75.2
A,A-g0.50-250k,250000,0.5,20,0.95,0.0,176.1,250034,400,1498.3,50.2,288,200,69.4
A,A-g0.60-20k,20000,0.6,20,0.95,0.0,23.2,20087,400,1260.7,56.3,227,170,74.9
A,A-g0.60-60k,60000,0.6,20,0.95,0.0,44.7,60078,400,1611.8,56.1,270,188,69.6
A,A-g0.60-100k,100000,0.6,20,0.95,0.0,68.8,100067,400,1642.5,54.4,247,183,74.1
A,A-g0.60-150k,150000,0.6,20,0.95,0.0,101.2,150054,400,1613.4,53.7,257,195,75.9
A,A-g0.60-200k,200000,0.6,20,0.95,0.0,137.1,200047,400,1557.4,52.2,257,187,72.8
A,A-g0.60-250k,250000,0.6,20,0.95,0.0,176.3,250034,400,1497.3,49.5,255,191,74.9
A,A-g0.85-20k,20000,0.85,20,0.95,0.0,22.4,20088,400,1258.0,63.1,211,195,92.4
A,A-g0.85-60k,60000,0.85,20,0.95,0.0,45.2,60078,400,1616.2,51.9,164,139,84.8
A,A-g0.85-100k,100000,0.85,20,0.95,0.0,68.5,100067,400,1645.2,55.8,201,178,88.6
A,A-g0.85-150k,150000,0.85,20,0.95,0.0,102.1,150054,400,1612.8,48.3,188,150,79.8
A,A-g0.85-200k,200000,0.85,20,0.95,0.0,136.5,200047,400,1559.9,55.3,217,194,89.4
A,A-g0.85-250k,250000,0.85,20,0.95,0.0,177.2,250034,400,1495.8,45.4,177,149,84.2
S,S-sfx0-20k,20000,0.5,20,0.95,0.0,25.1,20088,400,1129.7,57.0,270,206,76.3
S,S-sfx0-60k,60000,0.5,20,0.95,0.0,44.6,60078,400,1607.5,57.8,263,204,77.6
S,S-sfx0-100k,100000,0.5,20,0.95,0.0,69.1,100067,400,1639.9,53.1,284,196,69.0
S,S-sfx0-150k,150000,0.5,20,0.95,0.0,101.8,150054,400,1607.1,52.1,270,195,72.2
S,S-sfx0-200k,200000,0.5,20,0.95,0.0,137.5,200047,400,1559.8,48.4,286,181,63.3
S,S-sfx0-250k,250000,0.5,20,0.95,0.0,177.5,250034,400,1495.1,44.4,274,170,62.0
S,S-sfx8-20k,20000,0.5,20,0.95,0.0,26.5,20088,400,1066.2,54.4,288,199,69.1
S,S-sfx8-60k,60000,0.5,20,0.95,0.0,44.2,60078,400,1616.3,60.0,275,215,78.2
S,S-sfx8-100k,100000,0.5,20,0.95,0.0,69.0,100066,400,1643.9,52.3,278,188,67.6
S,S-sfx8-150k,150000,0.5,20,0.95,0.0,101.3,150054,400,1615.9,52.1,254,191,75.2
S,S-sfx8-200k,200000,0.5,20,0.95,0.0,137.3,200047,400,1557.5,50.8,278,193,69.4
S,S-sfx8-250k,250000,0.5,20,0.95,0.0,176.7,250034,400,1496.8,48.3,280,194,69.3
C,C-cplon-20k,20000,0.5,20,0.95,0.0,27.1,20088,400,1054.7,51.1,395,210,53.2
C,C-cplon-60k,60000,0.5,20,0.95,0.0,44.4,60078,400,1613.4,59.3,340,229,67.4
C,C-cplon-100k,100000,0.5,20,0.95,0.0,68.8,100067,400,1643.2,55.0,355,221,62.3
C,C-cplon-150k,150000,0.5,20,0.95,0.0,101.0,150054,400,1614.2,56.0,334,227,68.0
C,C-cplon-200k,200000,0.5,20,0.95,0.0,137.5,200047,400,1559.0,48.6,359,199,55.4
C,C-cplon-250k,250000,0.5,20,0.95,0.0,176.2,250034,400,1497.4,49.7,361,219,60.7
B,B-tk20-mp05-20k,20000,0.5,20,0.95,0.05,25.7,20088,400,1089.6,57.4,276,208,75.4
B,B-tk20-mp05-60k,60000,0.5,20,0.95,0.05,44.9,60076,400,1618.0,54.0,292,198,67.8
B,B-tk20-mp05-100k,100000,0.5,20,0.95,0.05,68.9,100067,400,1639.6,54.8,309,207,67.0
B,B-tk20-mp05-150k,150000,0.5,20,0.95,0.05,100.9,150054,400,1613.0,56.5,279,216,77.4
B,B-tk20-mp05-200k,200000,0.5,20,0.95,0.05,137.8,200047,400,1556.3,48.6,305,188,61.6
B,B-tk20-mp05-250k,250000,0.5,20,0.95,0.05,177.3,250033,400,1494.9,45.5,263,177,67.3
B,B-tk20-mp08-20k,20000,0.5,20,0.95,0.08,22.7,20088,400,1262.7,60.0,287,205,71.4
B,B-tk20-mp08-60k,60000,0.5,20,0.95,0.08,44.5,60078,400,1613.2,57.8,284,202,71.1
B,B-tk20-mp08-100k,100000,0.5,20,0.95,0.08,68.5,100067,400,1644.5,56.6,308,209,67.9
B,B-tk20-mp08-150k,150000,0.5,20,0.95,0.08,101.7,150054,400,1610.6,51.2,268,186,69.4
B,B-tk20-mp08-200k,200000,0.5,20,0.95,0.08,137.3,200047,400,1555.3,51.9,296,199,67.2
B,B-tk20-mp08-250k,250000,0.5,20,0.95,0.08,176.2,250034,400,1494.4,52.3,278,210,75.5
B,B-tk20-mp10-20k,20000,0.5,20,0.95,0.1,23.1,20087,400,1261.0,57.2,293,192,65.5
B,B-tk20-mp10-60k,60000,0.5,20,0.95,0.1,44.8,60077,400,1613.1,55.0,297,191,64.3
B,B-tk20-mp10-100k,100000,0.5,20,0.95,0.1,68.6,100067,400,1642.8,55.7,254,194,76.4
B,B-tk20-mp10-150k,150000,0.5,20,0.95,0.1,100.8,150054,400,1616.4,55.0,274,207,75.5
B,B-tk20-mp10-200k,200000,0.5,20,0.95,0.1,137.0,200047,400,1557.6,52.4,287,197,68.6
B,B-tk20-mp10-250k,250000,0.5,20,0.95,0.1,176.5,250034,400,1495.6,49.3,255,190,74.5
B,B-tk30-mp05-20k,20000,0.5,30,0.95,0.05,22.1,20088,400,1260.4,66.6,278,228,82.0
B,B-tk30-mp05-60k,60000,0.5,30,0.95,0.05,44.6,60078,400,1614.0,56.7,280,195,69.6
B,B-tk30-mp05-100k,100000,0.5,30,0.95,0.05,68.5,100067,400,1640.8,57.1,278,204,73.4
B,B-tk30-mp05-150k,150000,0.5,30,0.95,0.05,100.8,150054,400,1613.3,57.1,277,215,77.6
B,B-tk30-mp05-200k,200000,0.5,30,0.95,0.05,137.5,200047,400,1560.2,48.4,267,170,63.7
B,B-tk30-mp05-250k,250000,0.5,30,0.95,0.05,176.0,250034,400,1496.5,51.8,290,212,73.1
B,B-tk30-mp08-20k,20000,0.5,30,0.95,0.08,22.9,20088,400,1259.5,59.0,255,190,74.5
B,B-tk30-mp08-60k,60000,0.5,30,0.95,0.08,44.7,60078,400,1610.5,56.6,279,193,69.2
B,B-tk30-mp08-100k,100000,0.5,30,0.95,0.08,68.5,100067,400,1642.7,56.3,300,206,68.7
B,B-tk30-mp08-150k,150000,0.5,30,0.95,0.08,101.8,150054,400,1610.5,51.2,276,187,67.8
B,B-tk30-mp08-200k,200000,0.5,30,0.95,0.08,137.2,200047,400,1555.9,52.5,307,201,65.5
B,B-tk30-mp08-250k,250000,0.5,30,0.95,0.08,176.4,250034,400,1497.6,48.6,291,195,67.0
B,B-tk30-mp10-20k,20000,0.5,30,0.95,0.1,22.7,20088,400,1264.2,59.6,305,204,66.9
B,B-tk30-mp10-60k,60000,0.5,30,0.95,0.1,44.0,60078,400,1612.9,62.2,257,212,82.5
B,B-tk30-mp10-100k,100000,0.5,30,0.95,0.1,68.5,100067,400,1642.4,56.8,296,206,69.6
B,B-tk30-mp10-150k,150000,0.5,30,0.95,0.1,102.1,150054,400,1613.5,47.9,254,162,63.8
B,B-tk30-mp10-200k,200000,0.5,30,0.95,0.1,137.0,200047,400,1558.4,52.3,263,190,72.2
B,B-tk30-mp10-250k,250000,0.5,30,0.95,0.1,176.0,250034,400,1497.3,51.4,280,205,73.2
B,B-tk40-mp05-20k,20000,0.5,40,0.95,0.05,22.1,20088,400,1260.6,66.5,269,223,82.9
B,B-tk40-mp05-60k,60000,0.5,40,0.95,0.05,44.0,60078,400,1618.0,61.4,290,219,75.5
B,B-tk40-mp05-100k,100000,0.5,40,0.95,0.05,68.5,100067,400,1646.8,54.9,307,199,64.8
B,B-tk40-mp05-150k,150000,0.5,40,0.95,0.05,101.3,150053,400,1613.8,53.0,274,194,70.8
B,B-tk40-mp05-200k,200000,0.5,40,0.95,0.05,136.5,200047,400,1559.2,55.2,287,209,72.8
B,B-tk40-mp05-250k,250000,0.5,40,0.95,0.05,176.8,250034,400,1496.6,47.0,287,185,64.5
B,B-tk40-mp08-20k,20000,0.5,40,0.95,0.08,22.7,20087,400,1263.9,60.0,307,206,67.1
B,B-tk40-mp08-60k,60000,0.5,40,0.95,0.08,44.2,60078,400,1619.5,59.0,288,207,71.9
B,B-tk40-mp08-100k,100000,0.5,40,0.95,0.08,68.2,100066,400,1641.8,58.9,271,210,77.5
B,B-tk40-mp08-150k,150000,0.5,40,0.95,0.08,101.1,150054,400,1616.8,53.2,259,192,74.1
B,B-tk40-mp08-200k,200000,0.5,40,0.95,0.08,136.7,200047,400,1558.0,54.8,280,205,73.2
B,B-tk40-mp08-250k,250000,0.5,40,0.95,0.08,176.4,250034,400,1496.3,49.8,265,195,73.6
B,B-tk40-mp10-20k,20000,0.5,40,0.95,0.1,22.3,20088,400,1264.7,64.0,252,211,83.7
B,B-tk40-mp10-60k,60000,0.5,40,0.95,0.1,43.4,60078,400,1620.0,66.4,266,229,86.1
B,B-tk40-mp10-100k,100000,0.5,40,0.95,0.1,68.7,100067,400,1641.3,55.3,274,197,71.9
B,B-tk40-mp10-150k,150000,0.5,40,0.95,0.1,100.9,150054,400,1613.6,56.0,273,208,76.2
B,B-tk40-mp10-200k,200000,0.5,40,0.95,0.1,137.8,200047,400,1560.7,46.2,263,156,59.3
B,B-tk40-mp10-250k,250000,0.5,40,0.95,0.1,177.0,250034,400,1493.6,48.1,258,183,70.9
B,B-tk50-mp05-20k,20000,0.5,50,0.95,0.05,22.3,20088,400,1261.5,64.3,278,217,78.1
B,B-tk50-mp05-60k,60000,0.5,50,0.95,0.05,44.4,60078,400,1615.7,57.7,274,199,72.6
B,B-tk50-mp05-100k,100000,0.5,50,0.95,0.05,68.6,100067,400,1643.2,55.2,272,193,71.0
B,B-tk50-mp05-150k,150000,0.5,50,0.95,0.05,101.4,150054,400,1612.4,52.9,285,197,69.1
B,B-tk50-mp05-200k,200000,0.5,50,0.95,0.05,137.3,200047,400,1556.7,51.4,270,186,68.9
B,B-tk50-mp05-250k,250000,0.5,50,0.95,0.05,176.1,250034,400,1498.2,50.3,274,198,72.3
B,B-tk50-mp08-20k,20000,0.5,50,0.95,0.08,23.3,20087,400,1265.4,55.1,275,176,64.0
B,B-tk50-mp08-60k,60000,0.5,50,0.95,0.08,44.8,60078,400,1608.9,56.4,280,191,68.2
B,B-tk50-mp08-100k,100000,0.5,50,0.95,0.08,68.8,100067,400,1646.3,52.7,257,180,70.0
B,B-tk50-mp08-150k,150000,0.5,50,0.95,0.08,101.5,150054,400,1609.6,53.2,286,198,69.2
B,B-tk50-mp08-200k,200000,0.5,50,0.95,0.08,136.6,200047,400,1560.2,54.5,294,209,71.1
B,B-tk50-mp08-250k,250000,0.5,50,0.95,0.08,175.9,250034,400,1495.2,53.7,309,223,72.2
B,B-tk50-mp10-20k,20000,0.5,50,0.95,0.1,22.1,20088,400,1261.5,66.0,260,219,84.2
B,B-tk50-mp10-60k,60000,0.5,50,0.95,0.1,44.2,60078,400,1614.1,60.2,279,208,74.6
B,B-tk50-mp10-100k,100000,0.5,50,0.95,0.1,68.2,100067,400,1641.6,59.2,284,216,76.1
B,B-tk50-mp10-150k,150000,0.5,50,0.95,0.1,101.3,150054,400,1610.8,54.0,268,198,73.9
B,B-tk50-mp10-200k,200000,0.5,50,0.95,0.1,137.5,200047,400,1554.6,51.0,270,185,68.5
B,B-tk50-mp10-250k,250000,0.5,50,0.95,0.1,175.7,250034,400,1494.9,55.3,284,223,78.5
B,B-tp0.90-20k,20000,0.5,50,0.9,0.1,22.7,20088,400,1262.9,60.2,276,200,72.5
B,B-tp0.90-60k,60000,0.5,50,0.9,0.1,44.8,60078,400,1617.9,54.4,285,183,64.2
B,B-tp0.90-100k,100000,0.5,50,0.9,0.1,68.5,100067,400,1644.4,56.3,286,202,70.6
B,B-tp0.90-150k,150000,0.5,50,0.9,0.1,101.5,150053,400,1614.2,51.4,293,191,65.2
B,B-tp0.90-200k,200000,0.5,50,0.9,0.1,137.3,200047,400,1557.4,50.9,308,193,62.7
B,B-tp0.90-250k,250000,0.5,50,0.9,0.1,176.0,250034,400,1495.8,52.9,280,213,76.1
B,B-tp1.00-20k,20000,0.5,50,1.0,0.1,22.3,20088,400,1263.3,63.8,271,214,79.0
B,B-tp1.00-60k,60000,0.5,50,1.0,0.1,43.9,60078,400,1616.6,61.9,270,215,79.6
B,B-tp1.00-100k,100000,0.5,50,1.0,0.1,68.6,100067,400,1645.4,54.9,278,193,69.4
B,B-tp1.00-150k,150000,0.5,50,1.0,0.1,101.5,150054,400,1610.9,53.0,267,195,73.0
B,B-tp1.00-200k,200000,0.5,50,1.0,0.1,137.2,200046,400,1557.5,52.0,264,188,71.2
B,B-tp1.00-250k,250000,0.5,50,1.0,0.1,176.4,250034,400,1496.5,49.6,287,197,68.6
