spec_min_p,depth_k,decode_tps,prefill_tps,gen,draft_n,draft_acc
0.0,20000,58.3,1255.0,400,480,241
0.0,60000,52.1,1619.3,400,525,225
0.0,100000,52.9,1647.1,400,501,232
0.0,150000,47.2,1612.1,400,543,219
0.0,200000,44.2,1559.7,400,576,207
0.0,250000,47.3,1494.2,400,509,229
0.5,20000,67.2,1265.9,400,279,228
0.5,60000,60.1,1619.5,400,295,212
0.5,100000,53.9,1641.6,400,259,185
0.5,150000,56.6,1617.4,400,265,209
0.5,200000,53.0,1561.9,400,254,191
0.5,250000,50.2,1498.3,400,288,200
0.6,20000,56.3,1260.7,400,227,170
0.6,60000,56.1,1611.8,400,270,188
0.6,100000,54.4,1642.5,400,247,183
0.6,150000,53.7,1613.4,400,257,195
0.6,200000,52.2,1557.4,400,257,187
0.6,250000,49.5,1497.3,400,255,191
0.85,20000,63.1,1258.0,400,211,195
0.85,60000,51.9,1616.2,400,164,139
0.85,100000,55.8,1645.2,400,201,178
0.85,150000,48.3,1612.8,400,188,150
0.85,200000,55.3,1559.9,400,217,194
0.85,250000,45.4,1495.8,400,177,149
