engine,depth_k,ptok,gen,prefill_tps,decode_tps,wall_s,gpu0_used_mib,gpu1_used_mib,gpu0_temp_c,gpu1_temp_c,ts
0.1.32,20000,20084,400,1240.6,56.6,23.4,29890,32182,39,41,2026-10-04 13:20:54
0.1.32,60000,60084,400,1555.4,51.9,46.7,29890,32182,45,47,2026-10-04 13:21:42
0.1.32,100000,100084,400,1568.9,52.1,72.1,29890,32182,48,50,2026-10-04 13:22:56
0.1.32,150000,150083,400,1550.7,48.8,105.9,29890,32182,50,52,2026-10-04 13:24:44
0.1.32,200000,200084,400,1505.5,49.0,142.2,29890,32182,51,53,2026-10-04 13:27:09
0.1.32,250000,250084,400,1449.6,50.3,182.0,29890,32182,51,54,2026-10-04 13:30:14
0.1.39,20000,20084,400,1285.7,73.9,21.8,29978,32230,40,41,2026-10-04 13:35:35
0.1.39,60000,60084,400,1912.7,63.2,38.3,29978,32230,45,47,2026-10-04 13:36:15
0.1.39,100000,100084,400,1973.0,65.5,57.6,29978,32230,49,51,2026-10-04 13:37:14
0.1.39,150000,150083,400,1946.4,64.0,84.3,29978,32230,51,53,2026-10-04 13:38:40
0.1.39,200000,200084,400,1884.1,60.3,114.0,29978,32230,52,54,2026-10-04 13:40:37
0.1.39,250000,250084,400,1822.6,65.0,144.9,29978,32230,53,55,2026-10-04 13:43:05
