label,spec_min_p,top_k,top_p,min_p,wall_s,ptok,gen,prefill_tps,decode_tps,draft_n,draft_acc,draft_accept_pct_derived
A-pmin0.00-20k,0.0,20,0.95,0.0,17.4,20446,62,1254.4,64.2,63,42,66.7
A-pmin0.00-100k,0.0,20,0.95,0.0,63.7,101900,67,1645.2,53.1,79,41,51.9
A-pmin0.60-20k,0.6,20,0.95,0.0,17.0,20446,62,1271.0,73.7,46,39,84.8
A-pmin0.60-100k,0.6,20,0.95,0.0,63.4,101901,67,1650.7,55.7,52,36,69.2
A-pmin0.85-20k,0.85,20,0.95,0.0,16.7,20446,31,1266.0,63.0,19,16,84.2
A-pmin0.85-100k,0.85,20,0.95,0.0,63.7,101901,83,1649.1,59.1,45,41,91.1
B-tk20-minp05,0.85,20,0.95,0.05,64.0,101898,80,1643.0,55.6,47,37,78.7
B-tk20-minp08,0.85,20,0.95,0.08,63.9,101898,80,1642.1,58.6,43,38,88.4
B-tk20-minp10,0.85,20,0.95,0.1,63.9,101898,80,1646.0,55.9,40,35,87.5
B-tk30-minp05,0.85,30,0.95,0.05,64.0,101898,82,1644.2,56.5,46,40,87.0
B-tk30-minp08,0.85,30,0.95,0.08,63.6,101898,65,1647.3,55.4,45,33,73.3
B-tk30-minp10,0.85,30,0.95,0.1,63.8,101898,80,1649.0,54.2,47,35,74.5
B-tk40-minp05,0.85,40,0.95,0.05,63.8,101898,80,1645.6,59.2,40,38,95.0
B-tk40-minp08,0.85,40,0.95,0.08,63.9,101898,80,1643.9,57.9,44,38,86.4
B-tk40-minp10,0.85,40,0.95,0.1,63.8,101898,80,1643.6,58.8,41,38,92.7
B-tk50-minp05,0.85,50,0.95,0.05,63.9,101898,82,1645.0,57.1,45,40,88.9
B-tk50-minp08,0.85,50,0.95,0.08,63.6,101898,68,1643.9,61.6,43,38,88.4
B-tk50-minp10,0.85,50,0.95,0.1,63.9,101898,80,1644.4,58.0,40,37,92.5
C-topp0.90,0.85,50,0.9,0.08,63.5,101896,63,1646.3,56.9,39,32,82.1
C-topp1.00,0.85,50,1.0,0.08,63.3,101896,62,1649.3,58.5,40,34,85.0
