prompt tokens,cache,speculation,prefill tok/s,prefill time,decode at depth
"19,966",32k,none,1096.8,18.2 s,15.72
"19,966",32k,"MTP head, n=4",868.3,23.0 s,27.49
"19,966",32k,"DFlash2 Q4_K_M, n=4",810.3,24.6 s,31.36
"19,966",32k,"DFlash2 Q8_0, n=4",822.5,24.3 s,29.44
"99,708",131k,none,840.0,118.7 s,10.41
"127,018",262k,none,775.9,163.7 s,9.22
"127,018",262k,"DFlash2 Q4_K_M, n=4",576.7,220.3 s,13.97
"149,462",262k,none,717.4,208.3 s,8.44
"149,462",262k,"DFlash2 Q4_K_M, n=4",540.4,276.6 s,12.63
